{"cameraMode":{"drawMode":0,"name":"Shaded","section":"Shading Mode"},"sceneLighting":true,"audioPlay":false,"sceneViewState":{"showFog":true,"showMaterialUpdate":false,"showSkybox":true,"showFlares":true,"showImageEffects":true,"showParticleSystems":true},"in2DMode":false,"pivot":{"x":0.6198486685752869,"y":3.1567933559417726,"z":0.005178668070584536},"rotation":{"x":0.0030000205151736738,"y":0.0014999626437202097,"z":-0.000004512909981713165,"w":0.9999949336051941},"size":9.248920440673829,"orthographic":true}